PTT,DATE,TIME,LC,LAT1,LONG1
105296,2011/03/10,09:57:19,0,-33.3090,101.8230
105296,2011/03/10,11:06:19,0,-46.3580,38.6070
105296,2011/03/10,11:39:19,0,-46.2570,38.7840
105296,2011/03/10,12:46:49,0,-46.1080,39.0790
105296,2011/03/10,13:22:49,0,-46.0760,39.1550
105296,2011/03/10,13:38:19,0,-45.9510,39.2030
105296,2011/03/10,14:23:49,0,-45.8860,39.7630
105296,2011/03/10,14:58:49,A,-45.8980,39.6400
105296,2011/03/10,15:17:19,0,-45.6080,39.7130
105296,2011/03/10,16:11:49,B,-45.3870,39.7280
105296,2011/03/10,16:29:49,0,-45.3070,39.8140
105296,2011/03/10,16:55:49,A,-45.0870,39.6460
105296,2011/03/10,17:56:19,0,-45.1390,39.9210
105296,2011/03/10,18:09:19,3,-45.1610,39.8840
105296,2011/03/10,18:21:49,1,-45.1620,39.8850
105296,2011/03/10,19:31:49,2,-45.1640,39.8900
105296,2011/03/10,19:58:49,1,-45.1570,39.9050
105295,2011/03/10,09:22:46,0,-46.4470,38.2480
105295,2011/03/10,09:58:16,0,-46.1660,38.3950
105295,2011/03/10,11:04:46,0,-46.1500,38.4920
105295,2011/03/10,11:41:46,0,-46.0790,38.3870
105295,2011/03/10,12:45:16,0,-45.9470,38.4790
105295,2011/03/10,13:21:47,0,-45.8690,38.6410
105295,2011/03/10,13:38:17,1,-45.8080,38.6980
105295,2011/03/10,14:24:17,Z,-45.1700,37.6150
105295,2011/03/10,15:18:17,0,-45.4770,39.3010
105295,2011/03/10,16:10:47,0,-45.2600,39.4450
105295,2011/03/10,16:28:17,1,-45.1610,39.5070
105295,2011/03/10,16:55:17,B,-45.0870,39.7880
105295,2011/03/10,17:51:17,2,-44.9970,39.7900
105295,2011/03/10,18:06:47,3,-44.9990,39.7910
105295,2011/03/10,18:21:47,0,-44.9680,39.7760
105294,2011/03/10,11:02:12,2,-46.5430,38.2100
105294,2011/03/10,11:40:12,3,-46.5460,38.2060
105294,2011/03/10,12:46:12,1,-46.4840,38.4090
105294,2011/03/10,13:20:42,0,-46.3880,38.4760
105294,2011/03/10,13:34:42,2,-46.3920,38.4440
105294,2011/03/10,15:18:12,0,-46.2220,38.6370
105294,2011/03/10,16:26:42,1,-46.1450,38.6050
105294,2011/03/10,16:56:12,0,-46.1200,38.7720
105294,2011/03/10,17:50:12,2,-46.0750,38.7420
105294,2011/03/10,18:07:42,3,-46.0830,38.7330
105294,2011/03/10,18:20:42,1,-46.0840,38.7400
105294,2011/03/10,19:31:42,2,-46.1020,38.7320
105294,2011/03/10,20:00:42,2,-46.1080,38.7370
105293,2011/03/10,09:23:20,0,-46.4210,38.3330
105293,2011/03/10,10:00:20,0,-46.3400,38.4560
105293,2011/03/10,11:05:20,0,-46.1890,39.0810
105293,2011/03/10,11:38:50,0,-46.0520,39.3190
105293,2011/03/10,12:46:20,0,-45.7960,39.8560
105293,2011/03/10,13:21:50,0,-45.6160,40.0830
105293,2011/03/10,13:37:20,0,-45.5440,40.0540
105293,2011/03/10,14:22:50,B,-45.3040,40.4100
105293,2011/03/10,15:17:20,0,-45.0930,40.8520
105293,2011/03/10,16:11:20,0,-44.7660,41.1120
105293,2011/03/10,16:27:50,0,-44.7860,41.1400
105293,2011/03/10,17:49:50,2,-44.5380,41.4840
105293,2011/03/10,18:06:50,2,-44.5420,41.4890
105293,2011/03/10,18:21:20,3,-44.5390,41.4950
105292,2011/03/10,09:22:40,0,-33.8490,101.1710
105292,2011/03/10,09:59:10,A,-46.1970,38.4150
105292,2011/03/10,11:04:40,0,-46.1830,38.5340
105292,2011/03/10,11:41:10,0,-46.2340,38.3710
105292,2011/03/10,12:44:10,0,-46.3560,37.6920
105292,2011/03/10,13:20:40,0,-46.4450,37.4240
105292,2011/03/10,13:37:10,0,-46.5340,37.3130
105292,2011/03/10,14:22:10,A,-46.7040,37.5830
105292,2011/03/10,15:00:10,0,-46.7880,36.7380
105292,2011/03/10,15:16:40,0,-46.8890,36.6150
105292,2011/03/10,16:28:40,0,-47.0050,36.4700
105292,2011/03/10,16:56:40,0,-46.5800,36.3760
105292,2011/03/10,17:50:10,2,-46.6720,36.3850
105292,2011/03/10,18:05:40,2,-46.6740,36.3920
105292,2011/03/10,18:21:40,0,-46.6700,36.3900
105291,2011/03/10,09:22:30,0,-34.0230,101.8500
105291,2011/03/10,09:58:30,0,-46.3850,38.0900
105291,2011/03/10,11:05:00,0,-46.1900,38.4570
105291,2011/03/10,11:42:30,1,-46.1610,38.5510
105291,2011/03/10,12:41:00,1,-45.8700,39.0090
105291,2011/03/10,13:20:00,0,-45.9120,38.9130
105291,2011/03/10,13:36:00,0,-45.8410,38.8450
105291,2011/03/10,15:19:00,1,-45.6280,39.1840
105291,2011/03/10,16:11:00,0,-45.5220,39.1790
105291,2011/03/10,16:27:00,0,-45.4790,39.2260
105291,2011/03/10,17:53:00,2,-45.4110,39.3980
105291,2011/03/10,18:08:30,1,-45.4150,39.3990
105291,2011/03/10,18:24:30,1,-45.4100,39.3990
105290,2011/03/10,11:02:27,A,-46.4880,38.6520
105290,2011/03/10,11:40:28,0,-46.4820,38.8090
105290,2011/03/10,12:43:28,0,-46.7440,38.4760
105290,2011/03/10,13:20:28,0,-46.8120,38.2250
105290,2011/03/10,13:36:58,0,-46.8960,38.2250
105290,2011/03/10,15:16:28,0,-46.5740,38.6180
105290,2011/03/10,16:10:28,1,-46.2900,38.7480
105290,2011/03/10,16:23:58,0,-46.2780,38.9730
105290,2011/03/10,16:56:58,B,-46.1690,39.1370
105290,2011/03/10,17:50:58,2,-46.2170,39.0900
105290,2011/03/10,18:07:28,2,-46.2230,39.0850
105290,2011/03/10,18:22:58,1,-46.2220,39.0950
105297,2011/03/10,09:22:15,0,-46.4880,37.9990
105297,2011/03/10,09:59:15,A,-46.7700,38.4110
105297,2011/03/10,11:05:45,1,-46.2720,38.5650
105297,2011/03/10,11:40:15,0,-46.2680,38.5210
105297,2011/03/10,12:45:15,0,-46.0770,38.8920
105297,2011/03/10,13:22:15,0,-45.9280,39.0140
105297,2011/03/10,13:37:45,0,-45.8780,38.9440
105297,2011/03/10,15:17:45,0,-45.4450,39.4140
105297,2011/03/10,16:12:15,0,-45.1170,39.4110
105297,2011/03/10,16:27:15,1,-45.1240,39.4880
105297,2011/03/10,16:56:45,0,-44.9010,39.7420
105297,2011/03/10,17:50:45,2,-44.9610,39.5560
105297,2011/03/10,18:08:15,3,-44.9590,39.5620
105297,2011/03/10,18:19:45,3,-44.9580,39.5590
105297,2011/03/10,19:31:45,3,-44.9520,39.5540
105297,2011/03/10,19:46:15,A,-44.9520,39.5590
105297,2011/03/10,19:59:15,0,-44.9260,39.5400
105296,2011/03/11,07:25:19,0,-43.4360,40.0630
105296,2011/03/11,09:14:19,A,-42.8550,40.0390
105296,2011/03/11,09:49:19,0,-42.5910,39.8820
105296,2011/03/11,10:55:19,0,-42.5740,39.9550
105295,2011/03/11,07:26:47,0,-42.8950,39.6440
105295,2011/03/11,09:50:17,B,-42.2040,39.0830
105295,2011/03/11,10:55:17,0,-41.9850,38.9310
105294,2011/03/11,07:28:13,0,-46.5340,37.9030
105294,2011/03/11,10:54:43,0,-45.3830,37.8640
105293,2011/03/11,07:25:20,0,-41.9170,42.4100
105293,2011/03/11,09:15:21,A,-41.1870,41.9580
105293,2011/03/11,09:49:21,A,-40.9320,41.7960
105293,2011/03/11,10:55:51,0,-40.6900,41.4510
105292,2011/03/11,07:25:11,0,-44.1430,34.8720
105292,2011/03/11,10:54:40,0,-43.0510,34.0700
105291,2011/03/11,07:25:00,0,-43.2470,39.5980
105291,2011/03/11,09:12:30,0,-42.5960,39.8400
105291,2011/03/11,10:56:00,2,-42.5390,39.5840
105290,2011/03/11,07:25:28,0,-46.6410,38.0130
105290,2011/03/11,09:48:28,B,-45.8210,37.8140
105290,2011/03/11,10:54:58,0,-45.4800,38.3630
105297,2011/03/11,07:26:46,0,-42.7520,39.2710
105297,2011/03/11,09:13:46,A,-41.5210,39.2920
105297,2011/03/11,10:56:46,0,-42.3670,38.5530
105296,2011/03/12,07:07:20,0,-42.9940,40.0510
105296,2011/03/12,08:47:50,0,-44.3390,39.8630
105296,2011/03/12,09:03:20,A,-44.2900,39.7150
105296,2011/03/12,10:43:20,0,-45.4050,39.3490
105295,2011/03/12,07:06:48,0,-39.9720,33.9640
105295,2011/03/12,08:46:18,0,-39.5240,33.5460
105295,2011/03/12,10:46:18,0,-39.3740,34.0890
105294,2011/03/12,07:08:14,0,-41.5000,35.5910
105294,2011/03/12,08:45:44,0,-41.4850,35.0090
105294,2011/03/12,10:45:14,0,-41.3030,35.0340
105293,2011/03/12,07:05:51,0,-39.2980,38.1040
105293,2011/03/12,08:47:21,Z,-40.2740,38.4220
105293,2011/03/12,10:40:21,0,-40.8420,38.1430
105292,2011/03/12,07:05:40,0,-40.9470,31.0030
105292,2011/03/12,08:45:40,A,-40.5250,31.6240
105292,2011/03/12,10:45:10,2,-40.3400,32.1970
105291,2011/03/12,07:07:30,0,-41.6140,38.5950
105291,2011/03/12,08:47:00,Z,-29.7130,-29.3530
105291,2011/03/12,10:46:00,2,-41.6780,37.3780
105290,2011/03/12,07:05:59,0,-42.0360,39.7080
105290,2011/03/12,08:47:59,B,-42.8100,40.2170
105290,2011/03/12,09:38:59,B,-43.3430,39.8360
105290,2011/03/12,10:42:59,0,-44.1300,40.2760
105297,2011/03/12,07:07:47,0,-39.9740,35.8640
105297,2011/03/12,08:46:17,A,-40.1300,36.0640
105297,2011/03/12,10:45:47,0,-39.9250,35.7590
105296,2011/03/13,08:24:50,A,-45.9090,38.4680
105296,2011/03/13,10:34:21,0,-45.3280,38.8090
105295,2011/03/13,07:46:49,0,-24.3420,-21.1800
105295,2011/03/13,08:25:49,0,-34.9580,29.6960
105295,2011/03/13,10:35:49,0,-35.0820,28.0930
105294,2011/03/13,07:49:14,B,-39.3360,35.3830
105294,2011/03/13,08:25:14,0,-39.4300,34.6060
105294,2011/03/13,10:34:14,0,-39.4290,34.5490
105293,2011/03/13,08:24:52,A,-46.3380,38.1080
105293,2011/03/13,10:34:52,0,-45.9720,38.2760
105292,2011/03/13,07:50:40,B,-45.5540,37.2820
105292,2011/03/13,08:26:40,0,-46.3400,37.4570
105292,2011/03/13,10:32:10,0,-46.0560,38.0250
105291,2011/03/13,08:25:00,1,-40.2500,36.9850
105291,2011/03/13,10:35:30,0,-39.8360,36.2980
105290,2011/03/13,08:25:00,B,-45.3040,39.6310
105290,2011/03/13,10:33:00,0,-45.1680,38.9120
105297,2011/03/13,08:25:18,0,-39.5630,35.5670
105297,2011/03/13,10:34:48,0,-39.6070,35.5690
105296,2011/03/14,07:24:21,0,-41.9630,40.7080
105296,2011/03/14,08:04:21,0,-42.4550,40.6400
105296,2011/03/14,10:23:51,0,-42.5790,40.1080
105296,2011/03/14,10:56:21,0,-42.3530,40.0250
105295,2011/03/14,07:22:49,0,-34.5150,25.5340
105295,2011/03/14,08:02:49,1,-34.5210,25.5350
105295,2011/03/14,10:25:19,1,-34.5630,25.1680
105294,2011/03/14,07:26:45,0,-44.6930,34.3320
105294,2011/03/14,08:06:15,0,-45.1080,34.5250
105294,2011/03/14,10:23:45,0,-46.5090,35.3080
105294,2011/03/14,10:56:45,0,-46.6900,35.6650
105293,2011/03/14,07:25:22,0,-42.5560,35.4240
105293,2011/03/14,08:03:22,0,-42.1190,35.4250
105293,2011/03/14,10:23:52,0,-41.1380,35.4650
105293,2011/03/14,10:57:22,0,-40.9170,35.4480
105292,2011/03/14,07:26:10,0,-45.7070,33.9580
105292,2011/03/14,08:04:40,0,-45.5460,34.1860
105292,2011/03/14,10:24:10,0,-45.5070,34.2410
105292,2011/03/14,10:56:10,0,-45.4700,34.1060
105291,2011/03/14,07:25:00,0,-39.3190,34.0870
105291,2011/03/14,08:04:30,2,-39.3270,34.1120
105291,2011/03/14,10:22:00,0,-39.1850,34.1820
105291,2011/03/14,10:58:00,1,-39.1760,34.1730
105290,2011/03/14,07:25:31,Z,-46.5840,38.4240
105290,2011/03/14,08:06:01,0,-45.8460,38.4510
105290,2011/03/14,10:24:01,0,-44.7330,38.4890
105290,2011/03/14,10:58:01,0,-44.3390,38.5540
105297,2011/03/14,07:24:19,0,-38.5780,33.5860
105297,2011/03/14,08:04:49,1,-38.5560,33.9340
105297,2011/03/14,10:24:19,0,-39.3420,34.5570
105297,2011/03/14,10:56:49,0,-39.3560,34.6330
105296,2011/03/15,07:41:08,0,-42.2990,40.3510
105296,2011/03/15,10:10:51,0,-41.6800,40.3840
105296,2011/03/15,10:42:31,0,-41.6030,40.4210
105295,2011/03/15,07:04:20,0,-34.4600,25.6850
105295,2011/03/15,09:22:50,B,-34.7850,23.8580
105295,2011/03/15,10:15:50,B,-34.7270,24.3500
105295,2011/03/15,10:48:50,B,-34.8040,24.3900
105294,2011/03/15,07:05:46,0,-46.6590,38.6050
105294,2011/03/15,07:41:46,0,-46.6810,38.1460
105294,2011/03/15,10:10:46,0,-45.6300,38.3570
105293,2011/03/15,07:04:23,0,-39.3620,36.1880
105293,2011/03/15,07:41:22,0,-39.4880,36.1800
105293,2011/03/15,10:10:23,2,-39.3870,36.2190
105293,2011/03/15,10:43:13,0,-39.5770,36.2720
105292,2011/03/15,07:03:10,0,-42.7040,33.0560
105292,2011/03/15,07:41:23,0,-42.3150,33.0880
105292,2011/03/15,10:10:10,0,-41.2120,32.9760
105292,2011/03/15,10:44:40,0,-41.0560,33.0580
105291,2011/03/15,07:04:00,0,-31.4060,-2.5760
105291,2011/03/15,07:41:45,0,-38.5430,32.5390
105291,2011/03/15,10:11:00,0,-38.0060,32.4450
105291,2011/03/15,10:45:00,0,-38.0060,32.3790
105290,2011/03/15,10:10:02,1,-41.8070,41.8880
105290,2011/03/15,10:43:56,0,-41.9640,41.9440
105297,2011/03/15,07:05:50,0,-46.8050,37.8050
105297,2011/03/15,10:10:50,0,-45.5130,38.2120
105297,2011/03/15,10:43:35,0,-45.2710,38.2680
105296,2011/03/16,10:05:52,0,-41.1030,40.0080
105296,2011/03/16,10:33:52,0,-41.2810,40.0640
105295,2011/03/16,07:14:50,0,-34.6210,25.0430
105295,2011/03/16,08:15:50,B,-34.6300,25.1930
105295,2011/03/16,08:58:20,1,-34.7140,25.0860
105294,2011/03/16,10:06:02,0,-38.4110,38.4470
105294,2011/03/16,10:34:47,0,-38.3270,38.3250
105293,2011/03/16,07:14:53,B,-41.5510,35.9780
105293,2011/03/16,09:02:53,B,-37.2400,31.1990
105293,2011/03/16,10:07:23,A,-37.0170,30.6300
105293,2011/03/16,10:35:53,B,-36.9410,30.3940
105292,2011/03/16,07:20:10,0,-36.9770,31.9700
105292,2011/03/16,08:59:40,B,-36.7360,32.3600
105292,2011/03/16,10:05:40,0,-36.3130,30.9080
105292,2011/03/16,10:34:40,B,-36.2130,30.7890
105291,2011/03/16,08:59:00,0,-35.9220,29.6960
105291,2011/03/16,10:39:00,B,-35.8730,29.8680
105290,2011/03/16,10:05:47,0,-46.5610,37.9290
105290,2011/03/16,10:31:02,0,-46.5980,37.9180
105297,2011/03/16,10:05:36,0,-39.0340,37.3390
105297,2011/03/16,10:33:51,0,-39.0010,37.3420
105296,2011/03/17,08:43:07,0,-43.6720,37.7850
105296,2011/03/17,09:48:37,0,-43.9570,37.2520
105296,2011/03/17,10:22:52,0,-44.0050,37.2440
105295,2011/03/17,07:04:51,0,-34.4780,25.7930
105295,2011/03/17,07:51:51,1,-34.4650,25.8280
105295,2011/03/17,08:40:21,0,-34.5240,25.8170
105294,2011/03/17,07:04:47,A,-35.5640,36.9370
105294,2011/03/17,07:52:17,B,-36.4810,31.1560
105294,2011/03/17,10:28:47,B,-35.7160,30.9750
105293,2011/03/17,07:04:41,0,-34.8180,25.2000
105293,2011/03/17,07:52:29,0,-34.6010,24.8630
105293,2011/03/17,08:41:03,0,-34.6250,24.9290
105292,2011/03/17,08:40:40,1,-36.5110,21.6450
105291,2011/03/17,07:52:00,0,-34.6200,24.5240
105291,2011/03/17,08:40:30,1,-34.6940,24.5980
105290,2011/03/17,09:49:03,0,-40.5410,39.4350
105297,2011/03/17,07:55:51,B,-36.9570,32.7880
105297,2011/03/17,08:41:52,0,-36.7610,32.2620
105296,2011/03/18,07:30:23,0,-44.5220,37.1840
105296,2011/03/18,08:23:05,0,-44.2070,37.0480
105296,2011/03/18,09:39:23,0,-43.5680,36.6700
105296,2011/03/18,10:16:33,A,-43.4440,36.7010
105295,2011/03/18,07:28:51,1,-34.5480,24.9460
105295,2011/03/18,08:14:21,0,-34.5070,25.0660
105294,2011/03/18,07:33:48,A,-35.2800,22.5930
105294,2011/03/18,08:20:48,1,-35.5300,22.4280
105293,2011/03/18,07:29:13,A,-34.2780,25.4970
105293,2011/03/18,08:14:53,2,-34.4650,25.4610
105292,2011/03/18,07:28:59,0,-36.6080,20.6770
105292,2011/03/18,07:33:24,0,-36.5760,20.6690
105292,2011/03/18,08:14:09,0,-36.6510,20.6730
105291,2011/03/18,07:29:20,0,-34.7210,24.5000
105291,2011/03/18,08:15:00,1,-34.7700,24.4270
105290,2011/03/18,07:33:04,B,-44.2980,39.1120
105290,2011/03/18,09:38:34,0,-45.9180,39.1500
105290,2011/03/18,10:12:04,0,-46.0100,38.9860
105297,2011/03/18,08:14:22,1,-34.4750,25.7640
105296,2011/03/19,07:56:53,0,-38.5900,30.6630
105295,2011/03/19,07:21:52,0,-35.3630,22.8860
105295,2011/03/19,07:56:15,0,-35.3640,22.5890
105295,2011/03/19,09:39:52,B,-35.4430,22.4690
105294,2011/03/19,07:04:48,0,-36.4340,19.9970
105294,2011/03/19,07:20:48,A,-36.3090,19.9230
105294,2011/03/19,07:57:18,0,-36.2470,19.8080
105294,2011/03/19,09:40:18,0,-36.0780,19.9700
105293,2011/03/19,07:56:45,1,-34.6070,25.1810
105292,2011/03/19,07:06:03,1,-36.4700,20.4030
105292,2011/03/19,07:23:09,A,-36.5190,20.3890
105292,2011/03/19,07:56:27,0,-36.5790,20.4680
105292,2011/03/19,08:49:09,B,-36.6630,20.3540
105292,2011/03/19,09:39:54,0,-35.9340,20.0560
105291,2011/03/19,07:05:00,2,-34.7330,24.2130
105291,2011/03/19,07:57:10,3,-34.7300,24.2190
105291,2011/03/19,09:42:00,B,-34.7420,24.1820
105290,2011/03/19,07:57:55,0,-40.0070,40.6820
105290,2011/03/19,09:29:35,A,-39.7050,40.3920
105290,2011/03/19,10:06:05,B,-39.6990,40.1970
105297,2011/03/19,07:06:35,0,-34.5030,25.5050
105297,2011/03/19,07:56:03,0,-34.5090,25.5470
105296,2011/03/20,07:37:31,0,-36.3640,20.9370
105296,2011/03/20,08:22:41,0,-36.2900,20.6450
105296,2011/03/20,09:14:53,0,-36.2080,20.2340
105296,2011/03/20,11:00:53,B,-36.1590,20.0040
105295,2011/03/20,07:07:38,0,-35.3190,19.9980
105295,2011/03/20,07:38:33,1,-35.3730,20.0910
105295,2011/03/20,08:23:38,1,-35.3790,20.0710
105295,2011/03/20,09:14:53,0,-35.5290,19.9840
105295,2011/03/20,10:59:53,A,-35.6620,19.9700
105294,2011/03/20,07:09:19,0,-35.5770,18.9110
105294,2011/03/20,07:38:39,0,-35.4000,18.8450
105294,2011/03/20,08:23:49,2,-35.4240,18.7670
105294,2011/03/20,09:14:49,0,-35.3850,18.8120
105294,2011/03/20,11:00:19,0,-35.9650,18.5930
105293,2011/03/20,07:09:54,B,-34.5090,25.5150
105293,2011/03/20,07:37:10,1,-34.5000,25.5640
105293,2011/03/20,08:21:54,B,-34.5120,25.5950
105293,2011/03/20,09:18:54,1,-34.4870,25.6740
105293,2011/03/20,11:00:24,B,-34.5050,25.7470
105292,2011/03/20,07:11:08,0,-35.5260,19.6190
105292,2011/03/20,07:39:58,0,-35.6220,19.8000
105292,2011/03/20,08:24:28,0,-35.6970,19.7350
105292,2011/03/20,09:14:38,0,-35.6460,19.7250
105291,2011/03/20,07:09:00,0,-34.5940,24.3610
105291,2011/03/20,07:38:30,0,-34.6950,24.2260
105291,2011/03/20,09:19:30,B,-34.7000,24.1940
105291,2011/03/20,11:00:00,A,-34.7080,24.1580
105290,2011/03/20,10:59:35,B,-38.8930,32.2180
105297,2011/03/20,07:40:09,0,-40.9290,22.9580
105297,2011/03/20,08:25:07,0,-41.1090,22.7480
105297,2011/03/20,09:21:16,0,-41.2260,22.4750
105297,2011/03/20,10:56:24,A,-41.6820,22.8110
105297,2011/03/21,08:58:25,A,-45.5520,31.3160
105296,2011/03/21,07:03:53,B,-36.1460,19.9880
105296,2011/03/21,07:18:53,B,-36.2360,19.9510
105296,2011/03/21,08:57:53,B,-35.9840,19.7970
105296,2011/03/21,10:52:53,B,-35.7860,19.5120
105295,2011/03/21,07:02:53,B,-36.8860,18.7960
105295,2011/03/21,07:13:53,2,-35.5930,19.9370
105295,2011/03/21,07:58:53,2,-35.6040,19.9500
105295,2011/03/21,08:56:53,A,-35.6910,20.1760
105295,2011/03/21,10:49:53,0,-35.5410,20.3770
105294,2011/03/21,07:58:49,A,-41.0820,23.6260
105293,2011/03/21,07:11:54,0,-35.3880,28.8740
105293,2011/03/21,07:58:09,0,-34.8110,24.6120
105293,2011/03/21,08:56:54,2,-34.7140,24.6340
105293,2011/03/21,10:49:24,1,-34.6950,24.6220
105292,2011/03/21,07:01:38,B,-36.2320,20.4100
105292,2011/03/21,07:14:08,B,-36.4490,19.3160
105292,2011/03/21,07:58:08,2,-36.5480,20.3470
105292,2011/03/21,08:57:38,0,-36.4620,20.2090
105292,2011/03/21,10:54:58,A,-36.5760,20.4190
105291,2011/03/21,07:14:00,2,-34.7730,24.0470
105291,2011/03/21,07:59:00,1,-34.8150,24.0720
105291,2011/03/21,08:57:20,0,-34.7680,24.0570
105291,2011/03/21,10:55:15,2,-34.7120,24.0540
105290,2011/03/21,07:02:35,B,-37.3730,30.3040
105290,2011/03/21,07:13:35,B,-41.4600,30.4340
105290,2011/03/21,07:57:35,B,-41.2140,30.3640
105290,2011/03/21,10:49:05,0,-38.9550,24.3010
105297,2011/03/21,07:14:25,B,-43.9930,22.9350
105297,2011/03/21,08:03:25,B,-45.6070,30.4450
105297,2011/03/21,08:58:25,A,-45.5520,31.3160
105297,2011/03/21,10:47:55,0,-45.7080,31.9180
105296,2011/03/22,07:02:23,B,-35.6860,19.7090
105296,2011/03/22,07:34:53,A,-35.8620,19.8150
105296,2011/03/22,08:37:11,0,-36.0550,20.1240
105296,2011/03/22,10:39:53,B,-36.2070,20.2290
105295,2011/03/22,07:03:54,B,-35.6140,21.6720
105295,2011/03/22,07:33:54,A,-35.8860,20.7190
105295,2011/03/22,08:37:24,1,-35.8860,20.7060
105295,2011/03/22,10:44:18,1,-35.8380,20.6830
105294,2011/03/22,08:39:35,0,-44.7120,23.9670
105294,2011/03/22,10:35:50,0,-45.0640,23.8100
105293,2011/03/22,07:02:54,A,-34.4000,24.6060
105293,2011/03/22,07:34:30,3,-34.6240,24.7750
105293,2011/03/22,08:38:04,0,-34.6400,24.8370
105293,2011/03/22,10:39:24,2,-34.7520,24.8300
105292,2011/03/22,07:01:37,B,-36.8500,20.2730
105292,2011/03/22,07:34:17,0,-36.3050,19.5370
105292,2011/03/22,08:40:07,0,-36.5630,19.7530
105292,2011/03/22,10:43:17,A,-37.1650,20.1760
105291,2011/03/22,07:02:00,B,-34.4110,23.9080
105291,2011/03/22,07:35:00,2,-34.6890,24.0440
105291,2011/03/22,08:37:00,2,-34.7970,24.0160
105291,2011/03/22,10:40:00,1,-34.8070,23.9800
105290,2011/03/22,07:02:56,A,-40.4820,22.4880
105290,2011/03/22,07:34:36,0,-38.6840,20.4360
105290,2011/03/22,08:37:46,0,-38.9630,20.3050
105297,2011/03/22,07:04:56,0,-46.5370,36.7720
105297,2011/03/22,07:36:56,A,-46.0060,38.0740
105297,2011/03/22,08:40:26,B,-46.0330,38.0250
105297,2011/03/22,10:37:26,0,-46.3420,37.7730
105296,2011/03/23,07:10:06,0,-36.4670,20.2510
105296,2011/03/23,08:14:24,0,-36.4170,20.2250
105296,2011/03/23,09:58:24,B,-36.4080,20.1460
105295,2011/03/23,07:11:17,0,-36.4460,21.2380
105295,2011/03/23,08:13:24,0,-36.3720,21.2740
105295,2011/03/23,10:33:54,0,-36.5700,21.4060
105294,2011/03/23,10:26:21,0,-48.9560,31.9650
105294,2011/03/23,10:57:51,1,-48.9020,32.3470
105293,2011/03/23,07:11:29,1,-34.8510,23.5120
105293,2011/03/23,08:12:10,3,-34.8390,23.5170
105293,2011/03/23,10:29:55,0,-34.8260,23.5160
105292,2011/03/23,07:10:57,A,-41.0630,21.4860
105292,2011/03/23,08:14:07,0,-40.9220,20.5990
105292,2011/03/23,08:54:37,B,-40.9160,20.6750
105292,2011/03/23,10:28:37,0,-41.2280,21.8060
105292,2011/03/23,10:59:37,B,-41.2600,21.9280
105291,2011/03/23,07:12:10,3,-34.7390,23.9700
105291,2011/03/23,08:12:30,3,-34.7380,23.9750
105291,2011/03/23,10:29:00,B,-34.8060,24.0880
105290,2011/03/23,07:10:06,B,-42.0030,18.3940
105290,2011/03/23,08:52:36,A,-39.5920,13.4120
105290,2011/03/23,10:02:36,B,-39.5720,13.5140
105297,2011/03/23,10:29:28,0,-36.9150,28.9750
105297,2011/03/23,11:00:28,A,-36.8850,28.8400
105296,2011/03/24,08:30:18,0,-35.6520,20.7750
105296,2011/03/24,09:37:06,0,-35.5800,20.6930
105294,2011/03/24,10:17:08,0,-44.8530,34.7770
105293,2011/03/24,07:56:35,0,-34.6980,24.6350
105292,2011/03/24,07:55:57,0,-43.0090,29.1880
105292,2011/03/24,10:16:52,0,-43.2840,30.2770
105292,2011/03/24,10:47:49,0,-43.3730,30.4540
105291,2011/03/24,07:55:00,2,-34.6960,24.4760
105291,2011/03/24,10:23:00,B,-34.6960,24.5070
105291,2011/03/24,10:52:30,B,-34.7310,24.6220
105297,2011/03/24,09:37:58,B,-34.3840,25.8940
105297,2011/03/24,10:19:28,1,-34.4190,25.7990
105296,2011/03/25,07:29:24,1,-35.1400,20.0360
105296,2011/03/25,08:06:24,1,-35.1630,20.0730
105296,2011/03/25,09:13:24,1,-35.1520,20.1060
105295,2011/03/25,07:35:22,0,-34.4630,25.3740
105295,2011/03/25,08:09:55,B,-34.4590,25.3800
105295,2011/03/25,09:13:55,0,-34.5390,25.4360
105294,2011/03/25,10:06:34,0,-45.2390,39.1260
105294,2011/03/25,10:43:34,0,-45.0880,39.3630
105293,2011/03/25,07:28:55,0,-34.6370,25.0290
105293,2011/03/25,08:06:55,1,-34.6400,25.0540
105293,2011/03/25,09:13:15,0,-34.3510,25.1990
105293,2011/03/25,10:09:55,B,-34.3090,25.2470
105292,2011/03/25,07:37:50,0,-46.0520,38.0980
105292,2011/03/25,10:06:07,0,-45.2200,38.3650
105292,2011/03/25,10:43:07,0,-45.0130,38.4350
105291,2011/03/25,07:30:00,2,-34.7390,24.6540
105291,2011/03/25,08:03:00,B,-34.7350,24.6620
105291,2011/03/25,09:14:30,1,-34.7030,24.6600
105290,2011/03/25,08:06:07,0,-38.1280,24.5460
105290,2011/03/25,09:13:37,0,-38.1150,24.6130
105290,2011/03/25,10:10:07,B,-38.0040,24.6140
105297,2011/03/25,07:36:18,2,-34.4160,25.8150
105297,2011/03/25,08:05:29,1,-34.4090,25.8210
105297,2011/03/25,09:13:59,1,-34.3960,25.8360
105296,2011/03/26,07:11:54,0,-35.7220,20.0170
105296,2011/03/26,07:39:54,A,-35.7290,20.4130
105296,2011/03/26,07:43:12,0,-35.8590,20.3410
105296,2011/03/26,08:54:05,0,-36.0690,20.4450
105295,2011/03/26,07:11:56,1,-34.4320,25.8070
105295,2011/03/26,07:40:56,0,-34.4830,25.8660
105295,2011/03/26,08:53:47,0,-34.4000,25.8130
105295,2011/03/26,10:00:56,B,-34.4020,25.8130
105294,2011/03/26,07:12:54,0,-41.3660,41.6900
105294,2011/03/26,09:54:54,1,-41.3510,41.7900
105294,2011/03/26,10:27:24,0,-41.3330,41.6720
105293,2011/03/26,07:43:55,1,-34.4160,25.7810
105293,2011/03/26,08:55:18,1,-34.4210,25.7950
105292,2011/03/26,07:44:37,B,-41.2720,42.5030
105292,2011/03/26,10:27:37,A,-40.4820,38.6770
105291,2011/03/26,07:13:30,0,-34.6600,24.7840
105291,2011/03/26,07:41:45,2,-34.6260,24.7520
105291,2011/03/26,08:54:20,2,-34.6000,24.7880
105291,2011/03/26,10:01:00,B,-34.5750,24.8060
105290,2011/03/26,08:56:07,1,-38.9470,25.8450
105290,2011/03/26,09:59:37,B,-38.9270,25.8400
105297,2011/03/26,07:11:06,0,-34.4780,25.4480
105297,2011/03/26,07:41:36,0,-34.5090,25.4060
105297,2011/03/26,08:54:48,1,-34.4090,25.7790
105296,2011/03/27,07:25:54,0,-36.0480,20.0990
105296,2011/03/27,08:28:54,0,-36.1910,19.6550
105295,2011/03/27,07:18:51,0,-34.5690,25.1100
105295,2011/03/27,08:29:27,2,-34.5930,25.0040
105294,2011/03/27,08:35:55,B,-39.2410,41.4590
105294,2011/03/27,09:46:25,0,-38.9980,41.3370
105294,2011/03/27,10:15:55,0,-39.0930,41.3480
105293,2011/03/27,07:18:22,0,-34.4490,25.6590
105293,2011/03/27,08:29:26,0,-34.6070,25.4220
105292,2011/03/27,08:38:13,0,-45.9410,39.5360
105292,2011/03/27,09:44:07,0,-46.2120,39.5380
105292,2011/03/27,10:15:17,0,-46.3910,39.4270
105291,2011/03/27,07:17:40,0,-34.5380,24.7220
105291,2011/03/27,07:27:00,B,-34.5350,24.7220
105291,2011/03/27,08:29:00,2,-34.5650,24.7490
105290,2011/03/27,07:18:58,0,-37.7680,24.9340
105290,2011/03/27,08:29:08,0,-37.6690,24.7090
105297,2011/03/27,08:35:05,0,-34.6010,25.3990
105296,2011/03/28,07:01:55,B,-37.0640,16.7990
105296,2011/03/28,08:10:55,3,-35.0800,19.3360
105296,2011/03/28,08:35:25,0,-35.0740,19.3230
105296,2011/03/28,09:52:55,B,-35.0710,19.3370
105295,2011/03/28,07:12:57,B,-34.7290,23.5840
105295,2011/03/28,08:11:57,0,-35.1440,23.6500
105294,2011/03/28,08:13:26,0,-38.2850,40.1640
105294,2011/03/28,09:36:26,0,-38.6840,40.0080
105294,2011/03/28,10:04:56,A,-38.7750,40.0140
105293,2011/03/28,08:10:18,1,-35.1130,23.5080
105293,2011/03/28,08:37:56,B,-35.1410,23.5210
105292,2011/03/28,07:00:37,B,-44.8570,38.0750
105292,2011/03/28,09:34:57,0,-43.0230,39.3420
105292,2011/03/28,10:06:17,0,-42.8350,39.4400
105291,2011/03/28,07:15:00,B,-34.6540,23.7770
105291,2011/03/28,08:10:34,0,-34.9620,23.8750
105291,2011/03/28,08:36:20,A,-35.0180,23.8070
105290,2011/03/28,07:14:38,B,-36.9250,24.5520
105290,2011/03/28,08:11:08,0,-37.0660,24.4330
105290,2011/03/28,08:37:08,B,-37.0900,24.2790
105297,2011/03/28,07:15:01,0,-36.4520,21.7150
105297,2011/03/28,08:11:31,2,-36.5930,21.6020
105297,2011/03/28,08:35:31,B,-36.6280,21.8570
105296,2011/03/29,07:04:35,0,-34.9120,18.8150
105296,2011/03/29,07:52:04,0,-34.9070,18.8430
105296,2011/03/29,08:11:55,0,-34.9480,18.8700
105296,2011/03/29,09:34:40,0,-35.1720,18.7690
105295,2011/03/29,07:04:38,0,-34.8350,23.5170
105295,2011/03/29,07:52:28,2,-34.8070,23.5360
105295,2011/03/29,08:11:58,0,-34.8220,23.4800
105295,2011/03/29,09:32:38,A,-34.5680,23.5140
105294,2011/03/29,07:53:36,0,-38.2220,39.5790
105294,2011/03/29,09:25:26,0,-38.1270,39.2950
105294,2011/03/29,09:58:56,B,-38.1180,39.2500
105293,2011/03/29,07:04:36,0,-36.4100,20.7600
105293,2011/03/29,07:52:51,0,-36.6500,20.6260
105293,2011/03/29,08:15:56,B,-36.7400,20.5340
105293,2011/03/29,09:34:56,0,-36.6960,20.3520
105292,2011/03/29,07:53:07,0,-38.7280,39.8220
105292,2011/03/29,09:30:17,0,-38.6140,39.8100
105291,2011/03/29,07:04:30,B,-34.9520,22.8430
105291,2011/03/29,07:53:00,1,-34.9360,23.2320
105291,2011/03/29,08:11:00,1,-34.9310,23.2380
105291,2011/03/29,09:34:30,B,-35.0650,23.3190
105290,2011/03/29,07:06:38,A,-38.4760,24.1710
105290,2011/03/29,08:13:38,A,-38.5710,24.2130
105290,2011/03/29,09:34:18,A,-38.5490,24.1610
105297,2011/03/29,07:04:02,B,-36.7030,20.1910
105297,2011/03/29,07:54:16,0,-36.6210,20.4220
105297,2011/03/29,08:13:44,0,-36.6250,20.4350
105297,2011/03/29,09:34:32,1,-36.6760,20.4800
105296,2011/03/30,07:28:25,2,-35.1370,19.2390
105296,2011/03/30,07:48:35,A,-35.2780,19.3050
105296,2011/03/30,09:10:55,3,-35.1680,19.2470
105296,2011/03/30,10:59:55,B,-35.2790,19.2040
105295,2011/03/30,07:27:58,0,-34.9630,23.5570
105295,2011/03/30,07:47:58,2,-34.9570,23.5660
105295,2011/03/30,09:10:58,1,-34.9420,23.5640
105295,2011/03/30,10:56:28,0,-34.8960,23.6040
105294,2011/03/30,07:27:33,0,-38.3010,35.3180
105294,2011/03/30,07:49:27,B,-37.7730,34.6230
105294,2011/03/30,10:55:27,0,-37.5430,34.0640
105293,2011/03/30,07:28:26,1,-36.2310,19.9760
105293,2011/03/30,07:47:36,A,-36.4430,19.6840
105293,2011/03/30,09:11:06,0,-36.3480,20.0820
105293,2011/03/30,10:56:57,0,-36.3370,20.1380
105292,2011/03/30,07:49:36,B,-38.6170,35.2050
105292,2011/03/30,10:55:06,0,-38.0630,34.6070
105291,2011/03/30,07:27:59,0,-34.6470,23.3340
105291,2011/03/30,07:47:29,1,-34.8620,24.1980
105291,2011/03/30,09:12:59,0,-34.9450,24.1940
105291,2011/03/30,10:56:59,0,-34.8240,24.1420
105290,2011/03/30,07:26:39,1,-38.5320,24.2810
105290,2011/03/30,07:47:54,0,-38.6010,24.1830
105290,2011/03/30,09:12:19,A,-38.6880,24.2330
105290,2011/03/30,10:56:09,0,-38.8490,23.8330
105297,2011/03/30,07:27:53,0,-36.3540,20.0320
105297,2011/03/30,07:47:33,0,-36.3030,20.0960
105297,2011/03/30,09:10:41,0,-36.3990,20.0570
105297,2011/03/30,10:56:33,1,-36.4060,20.1800
105296,2011/03/31,07:10:25,3,-35.3520,18.9580
105296,2011/03/31,07:25:38,2,-35.3490,18.9630
105296,2011/03/31,08:52:35,0,-35.3350,19.0400
105296,2011/03/31,10:46:55,B,-35.3890,19.0680
105295,2011/03/31,07:09:59,1,-34.7970,22.8020
105295,2011/03/31,07:25:35,2,-34.8040,22.8120
105295,2011/03/31,08:51:29,3,-34.8010,22.7920
105295,2011/03/31,10:46:29,2,-34.8030,22.7820
105294,2011/03/31,07:23:57,0,-35.6340,30.8420
105294,2011/03/31,08:52:57,A,-36.2050,30.8450
105294,2011/03/31,10:44:57,B,-36.1510,30.6030
105293,2011/03/31,07:09:57,3,-36.1720,20.0240
105293,2011/03/31,07:25:33,3,-36.1730,20.0270
105293,2011/03/31,08:51:31,1,-36.0720,20.0870
105293,2011/03/31,10:45:57,0,-35.9730,20.2950
105292,2011/03/31,08:51:06,0,-38.6860,31.7330
105292,2011/03/31,10:44:56,0,-38.7830,31.3170
105291,2011/03/31,07:09:47,2,-34.8880,23.9260
105291,2011/03/31,07:24:49,1,-34.8010,23.9150
105291,2011/03/31,08:52:17,0,-34.9230,23.9490
105291,2011/03/31,10:51:29,B,-34.7470,24.4690
105290,2011/03/31,07:25:27,0,-39.3160,24.9330
105290,2011/03/31,08:52:39,0,-39.0270,25.1970
105290,2011/03/31,10:46:09,1,-38.7980,25.6310
105297,2011/03/31,07:10:41,1,-36.6830,20.4230
105297,2011/03/31,07:26:18,0,-36.6580,20.4040
105297,2011/03/31,08:52:04,3,-36.6340,20.4240
105297,2011/03/31,10:46:04,1,-36.6260,20.4170
105296,2011/04/01,07:04:15,0,-35.2810,20.2600
105296,2011/04/01,08:26:55,1,-35.2860,20.2860
105296,2011/04/01,10:40:55,B,-35.2910,20.3290
105295,2011/04/01,08:28:19,2,-34.9450,22.9990
105294,2011/04/01,07:05:28,A,-35.1150,29.0860
105294,2011/04/01,10:40:22,0,-34.9500,25.5440
105293,2011/04/01,07:04:17,0,-35.6880,20.8590
105293,2011/04/01,08:29:57,0,-35.6480,20.9060
105293,2011/04/01,08:41:27,0,-35.6360,20.9730
105293,2011/04/01,10:40:57,A,-35.7770,21.0160
105292,2011/04/01,07:03:35,A,-38.7940,30.2440
105292,2011/04/01,08:28:35,0,-38.6960,30.3720
105292,2011/04/01,10:35:05,3,-38.6900,30.4300
105291,2011/04/01,07:01:59,B,-34.3250,26.2500
105291,2011/04/01,10:41:59,A,-34.6860,25.3420
105290,2011/04/01,07:04:19,0,-38.4420,26.9660
105290,2011/04/01,08:28:09,2,-38.4090,26.9510
105290,2011/04/01,10:35:40,1,-38.3780,26.9470
105297,2011/04/01,07:05:34,0,-36.4720,20.2810
105297,2011/04/01,08:27:34,0,-36.5900,20.5690
105297,2011/04/01,08:43:04,B,-36.5870,20.6350
105297,2011/04/01,10:35:34,0,-36.4500,20.5690
105296,2011/04/02,08:09:44,1,-35.6320,21.1740
105296,2011/04/02,08:17:36,0,-35.6910,21.1500
105296,2011/04/02,10:28:26,B,-35.6200,21.0990
105295,2011/04/02,08:09:30,1,-34.8010,23.6130
105295,2011/04/02,08:18:30,1,-34.8160,23.6290
105295,2011/04/02,10:25:00,0,-34.7460,23.7090
105295,2011/04/02,10:56:00,B,-34.8100,23.8400
105294,2011/04/02,08:09:47,0,-34.3510,25.9350
105294,2011/04/02,08:18:58,B,-34.4450,25.8800
105294,2011/04/02,10:24:58,1,-34.4310,25.9560
105294,2011/04/02,10:56:18,A,-34.4100,26.0030
105293,2011/04/02,08:10:17,2,-35.9130,21.5340
105293,2011/04/02,08:17:27,0,-35.8250,21.5210
105293,2011/04/02,10:30:57,B,-35.9580,21.5440
105292,2011/04/02,08:09:35,0,-38.0980,29.9940
105292,2011/04/02,10:32:35,A,-38.1430,30.2450
105291,2011/04/02,08:10:33,0,-34.3980,25.9630
105291,2011/04/02,10:29:59,A,-34.3580,26.0060
105291,2011/04/02,10:57:59,B,-34.3570,26.0050
105290,2011/04/02,08:10:07,0,-36.4580,26.9890
105290,2011/04/02,10:24:40,0,-36.5830,27.0050
105290,2011/04/02,10:53:40,B,-36.5180,26.9400
105297,2011/04/02,08:09:17,0,-36.0670,21.7450
105297,2011/04/02,08:19:35,B,-36.0860,21.7510
105297,2011/04/02,09:51:35,A,-36.1810,21.6730
105297,2011/04/02,10:28:35,B,-36.1130,21.5710
105296,2011/04/03,07:44:26,0,-35.3160,20.3630
105296,2011/04/03,07:54:20,3,-35.2900,20.2160
105296,2011/04/03,09:28:26,1,-35.5060,20.1660
105295,2011/04/03,07:44:01,0,-34.5800,25.2230
105295,2011/04/03,07:53:01,0,-34.6310,25.1350
105294,2011/04/03,07:43:59,1,-34.4820,26.0520
105294,2011/04/03,07:52:59,0,-34.5560,26.0180
105294,2011/04/03,10:19:59,B,-34.4750,26.0670
105294,2011/04/03,10:44:59,B,-34.4840,26.0330
105293,2011/04/03,07:43:58,0,-36.3850,21.6770
105293,2011/04/03,07:45:58,B,-36.3780,21.6610
105293,2011/04/03,07:54:28,1,-36.1640,21.6420
105293,2011/04/03,09:27:58,0,-36.3710,21.4870
105293,2011/04/03,10:17:28,B,-36.3130,21.8110
105292,2011/04/03,07:44:35,0,-37.5640,28.9490
105292,2011/04/03,07:53:35,0,-37.6160,28.8770
105291,2011/04/03,07:43:59,0,-34.2430,26.4410
105291,2011/04/03,07:54:59,0,-34.2250,26.4440
105291,2011/04/03,09:27:59,B,-33.9850,26.3630
105291,2011/04/03,10:20:59,B,-34.1490,26.3080
105290,2011/04/03,07:43:10,0,-35.2010,26.6760
105290,2011/04/03,07:54:20,0,-34.6020,25.6330
105290,2011/04/03,09:28:10,A,-34.8630,25.3550
105290,2011/04/03,10:17:10,B,-34.5360,25.4840
105297,2011/04/03,07:43:36,0,-36.4920,21.6810
105297,2011/04/03,07:54:16,0,-36.4990,21.5850
105297,2011/04/03,09:29:06,0,-36.5870,21.4870
105296,2011/04/04,07:25:56,1,-35.6730,20.1240
105296,2011/04/04,07:29:56,2,-35.6670,20.1050
105296,2011/04/04,07:32:26,1,-35.6650,20.1080
105296,2011/04/04,09:08:56,1,-35.6630,20.1070
105295,2011/04/04,07:26:01,0,-34.5390,25.2170
105295,2011/04/04,07:30:01,0,-34.4860,25.0900
105295,2011/04/04,07:31:01,B,-34.4970,25.1030
105295,2011/04/04,09:07:39,0,-34.6120,25.0320
105294,2011/04/04,07:25:23,0,-34.6340,25.9400
105294,2011/04/04,07:29:59,A,-34.7000,25.8080
105294,2011/04/04,09:08:29,0,-34.7210,25.3520
105293,2011/04/04,07:27:08,1,-35.9890,21.4170
105293,2011/04/04,07:29:46,1,-35.9930,21.4590
105293,2011/04/04,09:09:28,0,-35.9870,21.3560
105292,2011/04/04,07:30:10,0,-36.5390,26.0270
105292,2011/04/04,09:08:51,0,-36.4270,25.9540
105292,2011/04/04,10:05:34,0,-36.4020,26.1730
105291,2011/04/04,07:26:59,0,-34.0840,26.4040
105291,2011/04/04,07:35:59,B,-35.0570,25.8270
105290,2011/04/04,07:27:41,0,-34.2170,23.2040
105290,2011/04/04,07:31:41,B,-34.3330,25.2410
105290,2011/04/04,09:09:41,A,-34.5720,24.8270
105297,2011/04/04,07:30:37,0,-35.7990,20.7210
105297,2011/04/04,07:33:37,B,-35.8030,20.7330
105297,2011/04/04,09:08:43,0,-35.7800,20.6430
105296,2011/04/05,07:07:56,1,-36.3660,20.0780
105296,2011/04/05,07:10:20,2,-36.3610,20.0620
105296,2011/04/05,07:19:56,2,-36.3740,20.0620
105296,2011/04/05,08:43:26,2,-36.3040,20.0280
105295,2011/04/05,07:07:32,0,-34.6960,24.6550
105295,2011/04/05,07:08:02,1,-34.6970,24.6620
105295,2011/04/05,07:22:02,B,-34.7020,24.6650
105295,2011/04/05,08:44:02,2,-34.7280,24.4980
105294,2011/04/05,07:08:30,0,-34.8400,24.2960
105294,2011/04/05,07:08:30,0,-34.8160,24.2300
105294,2011/04/05,07:20:00,B,-34.8670,24.2760
105294,2011/04/05,08:44:00,0,-35.1100,23.6470
105293,2011/04/05,07:07:28,1,-36.0450,21.4350
105293,2011/04/05,07:08:04,0,-36.0390,21.3340
105293,2011/04/05,07:19:58,B,-36.0530,21.4270
105293,2011/04/05,08:43:58,0,-36.3730,21.3980
105292,2011/04/05,07:08:49,1,-36.0210,25.5770
105292,2011/04/05,07:20:34,B,-36.0060,25.6060
105292,2011/04/05,08:44:34,0,-35.8330,25.0760
105291,2011/04/05,07:06:23,0,-34.1730,26.2730
105291,2011/04/05,07:07:32,0,-34.1640,26.1720
105291,2011/04/05,07:20:59,B,-34.1750,26.2740
105291,2011/04/05,08:42:59,0,-34.3720,26.3140
105291,2011/04/05,09:57:59,B,-34.4370,26.3210
105290,2011/04/05,07:07:48,0,-35.2720,22.5800
105290,2011/04/05,07:07:01,0,-35.2870,22.6390
105290,2011/04/05,07:18:41,A,-35.3130,22.5630
105290,2011/04/05,08:43:41,0,-35.7070,22.1450
105297,2011/04/05,07:07:49,0,-36.6270,20.4880
105297,2011/04/05,07:08:15,2,-36.6160,20.3920
105297,2011/04/05,07:19:57,1,-36.5980,20.3980
105297,2011/04/05,08:44:07,3,-36.5890,20.3540
105296,2011/04/06,07:07:06,1,-36.4640,20.3160
105296,2011/04/06,08:25:56,1,-36.4660,20.1160
105296,2011/04/06,08:27:26,0,-36.4650,20.1130
105295,2011/04/06,07:08:22,0,-35.6640,21.3390
105295,2011/04/06,08:24:02,0,-35.6070,21.3910
105295,2011/04/06,08:25:25,1,-35.7420,21.3480
105294,2011/04/06,07:07:40,0,-35.6610,21.8090
105294,2011/04/06,08:23:30,0,-35.7490,21.1590
105294,2011/04/06,08:26:09,0,-35.5200,21.4630
105293,2011/04/06,07:07:38,0,-36.5680,20.3480
105293,2011/04/06,08:23:58,0,-36.3690,20.1670
105293,2011/04/06,08:26:07,1,-36.4550,20.1990
105292,2011/04/06,07:08:53,0,-35.5790,21.6640
105292,2011/04/06,08:25:33,1,-35.5920,21.5640
105292,2011/04/06,08:28:33,B,-35.5930,21.5610
105291,2011/04/06,07:08:39,0,-34.2310,25.0590
105291,2011/04/06,08:26:14,1,-34.3310,25.0150
105290,2011/04/06,08:21:41,A,-35.0590,19.0350
105290,2011/04/06,08:26:07,3,-35.0560,19.0400
105297,2011/04/06,07:08:26,0,-36.2290,20.0380
105297,2011/04/06,08:25:38,1,-36.3440,20.0610
105297,2011/04/06,08:26:38,0,-36.3420,20.0590
105296,2011/04/07,07:58:57,B,-36.5410,18.9700
105296,2011/04/07,08:00:36,0,-35.4900,19.8260
105296,2011/04/07,09:47:42,0,-35.4990,19.8880
105295,2011/04/07,07:59:43,0,-35.4180,19.6820
105295,2011/04/07,08:09:09,0,-35.4180,19.7080
105295,2011/04/07,09:44:33,0,-35.4310,19.5740
105294,2011/04/07,07:59:31,0,-35.6820,20.0140
105294,2011/04/07,08:06:01,0,-35.4890,20.2410
105294,2011/04/07,09:46:31,B,-35.5700,20.5400
105293,2011/04/07,08:06:48,0,-35.5130,20.3010
105293,2011/04/07,09:47:29,B,-35.5060,20.3220
105292,2011/04/07,07:01:33,B,-35.2760,21.2070
105292,2011/04/07,07:59:33,0,-35.7990,20.4990
105292,2011/04/07,08:02:03,0,-35.8140,20.5050
105292,2011/04/07,09:47:03,B,-35.5390,20.0870
105291,2011/04/07,07:58:59,B,-35.8180,24.8140
105291,2011/04/07,08:00:19,A,-34.2500,25.0890
105290,2011/04/07,07:01:42,B,-34.9320,18.8780
105290,2011/04/07,07:59:12,0,-35.3040,18.2680
105290,2011/04/07,08:08:42,0,-35.3270,18.3010
105290,2011/04/07,09:49:12,0,-35.5100,17.8730
105297,2011/04/07,07:59:39,0,-35.7990,20.4380
105297,2011/04/07,07:59:03,0,-35.7500,20.4800
105297,2011/04/07,09:44:39,0,-36.4290,20.1900
105296,2011/04/08,07:36:45,2,-35.8930,20.3310
105296,2011/04/08,07:42:27,1,-35.9040,20.3300
105296,2011/04/08,09:25:57,0,-35.6360,19.9720
105295,2011/04/08,07:34:34,0,-35.2710,17.9690
105295,2011/04/08,07:42:04,0,-35.2540,18.0380
105295,2011/04/08,09:24:16,0,-34.7420,17.9500
105294,2011/04/08,07:36:16,0,-35.5260,20.4590
105294,2011/04/08,07:42:31,0,-35.5100,20.3700
105294,2011/04/08,09:26:01,0,-35.5420,20.4930
105293,2011/04/08,07:37:29,0,-36.3390,20.8210
105293,2011/04/08,07:44:59,0,-36.3680,20.7580
105293,2011/04/08,09:25:59,0,-36.2900,20.0900
105292,2011/04/08,07:42:21,0,-36.3380,20.0360
105292,2011/04/08,09:24:45,0,-35.9060,19.5870
105291,2011/04/08,07:34:29,B,-34.4360,25.1030
105291,2011/04/08,07:41:50,0,-34.4940,24.9930
105291,2011/04/08,09:22:59,B,-34.5750,24.9530
105290,2011/04/08,07:38:42,0,-36.2420,17.0100
105290,2011/04/08,07:43:12,0,-36.2440,16.7510
105290,2011/04/08,09:26:12,0,-36.6540,16.9150
105297,2011/04/08,07:36:10,0,-36.3610,20.1350
105297,2011/04/08,07:42:40,1,-36.3690,20.1510
105297,2011/04/08,09:25:40,0,-36.3570,20.1590
105296,2011/04/09,07:12:57,0,-35.4620,19.6350
105296,2011/04/09,07:24:02,1,-35.4430,19.5720
105296,2011/04/09,08:54:57,B,-35.4280,19.4960
105296,2011/04/09,08:59:57,0,-35.7110,19.3020
105296,2011/04/09,10:56:57,B,-35.7170,19.1430
105295,2011/04/09,07:24:04,2,-34.5390,18.1260
105295,2011/04/09,09:05:04,1,-34.5740,18.2430
105295,2011/04/09,10:59:04,1,-34.6350,18.2190
105294,2011/04/09,07:11:14,1,-35.5200,20.5570
105294,2011/04/09,07:24:22,0,-35.5320,20.6230
105294,2011/04/09,09:03:32,0,-35.4840,20.6320
105294,2011/04/09,10:58:42,1,-35.4570,20.6580
105293,2011/04/09,07:12:29,0,-36.2260,20.0000
105293,2011/04/09,07:26:59,3,-36.2020,20.0100
105293,2011/04/09,09:06:17,2,-36.2260,19.9240
105293,2011/04/09,10:52:59,1,-36.2020,19.9170
105292,2011/04/09,07:12:17,0,-35.3610,18.4420
105292,2011/04/09,07:27:02,0,-35.3690,18.2430
105292,2011/04/09,09:09:32,B,-35.3190,18.1770
105292,2011/04/09,10:53:32,0,-35.3950,18.7690
105291,2011/04/09,07:13:47,0,-34.9040,22.7380
105291,2011/04/09,07:24:29,2,-34.9040,22.7600
105291,2011/04/09,09:05:25,1,-35.0300,22.7910
105291,2011/04/09,10:52:29,1,-34.9520,22.9100
105290,2011/04/09,07:13:31,0,-38.7950,15.3630
105290,2011/04/09,07:25:20,0,-38.8410,15.3400
105290,2011/04/09,08:56:13,B,-39.0100,15.3640
105290,2011/04/09,09:08:05,0,-39.1640,15.6250
105290,2011/04/09,10:52:43,A,-39.4300,16.2840
105297,2011/04/09,07:13:41,1,-36.1440,19.9640
105297,2011/04/09,07:24:11,3,-36.1460,19.9650
105297,2011/04/09,09:05:49,0,-36.3040,20.0640
105297,2011/04/09,10:53:41,2,-36.3690,20.0920
105295,2011/04/10,07:05:35,0,-34.4690,18.0880
105295,2011/04/10,08:03:05,B,-34.4690,18.0920
105295,2011/04/10,08:31:20,0,-34.5000,17.8650
105295,2011/04/10,08:41:05,1,-34.4680,17.8320
105295,2011/04/10,10:47:25,0,-34.3770,17.7650
105294,2011/04/10,07:07:33,0,-35.4770,20.7180
105294,2011/04/10,08:30:33,0,-35.5820,20.8010
105294,2011/04/10,08:42:03,0,-35.6890,20.8320
105294,2011/04/10,10:42:03,A,-35.9570,20.7310
105293,2011/04/10,07:05:30,2,-35.9100,19.8800
105293,2011/04/10,08:42:30,2,-36.0590,19.8230
105293,2011/04/10,10:43:00,1,-36.0630,19.8140
105291,2011/04/10,07:05:59,2,-34.9080,23.0500
105291,2011/04/10,08:42:47,0,-34.8690,23.1240
105291,2011/04/10,10:42:59,0,-34.8400,23.1520
105290,2011/04/10,08:31:13,0,-40.8330,18.8500
105290,2011/04/10,08:42:43,0,-40.9350,18.8030
105290,2011/04/10,10:45:43,B,-40.9260,19.4590
105297,2011/04/10,07:06:58,2,-36.2130,20.0550
105297,2011/04/10,08:33:41,B,-36.2190,20.0590
105297,2011/04/10,08:42:11,1,-36.1320,19.9430
105297,2011/04/10,10:42:41,1,-36.0480,19.9000
105295,2011/04/11,08:05:36,0,-34.4770,17.8050
105295,2011/04/11,08:22:06,1,-34.4110,17.8160
105294,2011/04/11,08:06:03,0,-36.0940,19.9220
105294,2011/04/11,08:23:09,2,-36.0550,19.8880
105294,2011/04/11,10:32:03,B,-36.1540,19.8690
105293,2011/04/11,08:07:00,0,-35.7540,19.6350
105293,2011/04/11,08:23:30,3,-35.7550,19.6320
105293,2011/04/11,10:36:00,B,-35.7870,19.5820
105291,2011/04/11,08:04:29,B,-34.7710,23.4170
105291,2011/04/11,08:23:05,0,-34.7860,23.3760
105291,2011/04/11,10:32:59,1,-34.7850,23.6230
105291,2011/04/11,11:00:59,B,-34.7810,23.6230
105290,2011/04/11,07:51:43,B,-39.8660,23.0680
105290,2011/04/11,08:06:43,0,-39.5090,21.8110
105290,2011/04/11,08:24:30,0,-39.5310,21.8120
105290,2011/04/11,10:35:43,0,-39.5590,21.8990
105297,2011/04/11,07:51:42,A,-36.0340,19.4370
105297,2011/04/11,08:06:22,0,-35.8580,19.3570
105297,2011/04/11,08:23:52,0,-35.7460,19.2640
105296,2011/04/12,07:58:58,0,-35.3600,18.9970
105295,2011/04/12,07:36:36,1,-34.5030,17.9650
105295,2011/04/12,07:44:06,1,-34.4890,17.9900
105295,2011/04/12,07:57:36,0,-34.4700,17.9180
105295,2011/04/12,09:42:36,1,-34.4870,18.0130
105294,2011/04/12,07:36:04,B,-36.2650,19.8350
105294,2011/04/12,07:44:04,0,-36.4160,20.3090
105294,2011/04/12,07:59:04,0,-36.4910,20.3480
105294,2011/04/12,09:43:04,B,-36.3850,20.8390
105294,2011/04/12,10:26:34,B,-36.3770,20.9930
105293,2011/04/12,07:36:40,0,-35.5950,19.6730
105293,2011/04/12,07:44:50,2,-35.6460,19.6390
105293,2011/04/12,07:58:30,1,-35.6540,19.7320
105293,2011/04/12,09:43:00,1,-35.7110,19.6550
105291,2011/04/12,07:44:29,1,-34.6150,23.5670
105291,2011/04/12,07:58:59,0,-34.5960,23.5960
105291,2011/04/12,09:43:29,B,-34.5780,23.7980
105291,2011/04/12,10:21:59,0,-34.6140,23.6080
105290,2011/04/12,07:41:44,A,-39.8430,21.6060
105290,2011/04/12,07:45:44,0,-40.2950,22.3440
105290,2011/04/12,07:59:14,1,-40.1890,22.3040
105297,2011/04/12,07:37:13,0,-35.3650,18.7970
105297,2011/04/12,07:45:43,1,-35.3350,18.8030
105297,2011/04/12,07:58:13,0,-35.3570,18.8680
105297,2011/04/12,09:42:43,0,-35.3710,18.7760
105296,2011/04/13,07:22:18,0,-35.5790,20.1860
105296,2011/04/13,07:25:58,A,-35.5920,20.1450
105296,2011/04/13,07:41:28,0,-35.6490,19.9620
105296,2011/04/13,09:22:28,0,-35.9960,20.2190
105295,2011/04/13,07:19:33,0,-35.0440,19.4460
105295,2011/04/13,07:27:22,0,-35.0740,19.4130
105295,2011/04/13,07:40:37,0,-35.1400,19.4350
105295,2011/04/13,09:21:47,0,-35.3060,19.4090
105294,2011/04/13,07:19:04,0,-36.0620,21.7640
105294,2011/04/13,07:26:04,B,-36.0810,21.7710
105294,2011/04/13,07:40:04,1,-36.0700,21.8290
105294,2011/04/13,09:25:04,B,-36.0760,21.9490
105293,2011/04/13,07:21:00,1,-35.7870,20.6920
105293,2011/04/13,07:26:15,0,-35.8370,20.5990
105293,2011/04/13,07:41:09,0,-35.7640,20.6760
105293,2011/04/13,09:24:00,0,-35.6680,21.2350
105291,2011/04/13,07:21:47,0,-34.4730,23.6720
105291,2011/04/13,07:40:29,1,-34.4490,23.6380
105291,2011/04/13,09:21:59,1,-34.4620,23.6610
105290,2011/04/13,07:18:56,0,-39.9970,24.8890
105290,2011/04/13,07:27:44,B,-40.0080,24.8840
105290,2011/04/13,07:40:36,0,-39.7850,24.9420
105290,2011/04/13,09:22:24,A,-39.5460,24.5960
105290,2011/04/13,10:11:14,0,-39.0270,24.8660
105297,2011/04/13,07:19:24,1,-35.5850,19.4060
105297,2011/04/13,07:24:59,0,-35.6440,19.4310
105297,2011/04/13,07:40:44,1,-35.6730,19.3410
105296,2011/04/14,07:01:58,B,-37.1510,21.0880
105296,2011/04/14,07:12:13,0,-36.1590,20.8160
105296,2011/04/14,07:23:04,1,-36.1880,20.7330
105296,2011/04/14,08:38:58,B,-36.2990,20.8120
105296,2011/04/14,08:58:58,0,-36.6370,20.4960
105295,2011/04/14,07:13:53,0,-35.3260,20.3450
105295,2011/04/14,07:14:08,0,-35.3250,20.2290
105295,2011/04/14,08:37:08,B,-35.3570,20.3030
105295,2011/04/14,08:58:08,0,-35.1960,20.1430
105294,2011/04/14,07:11:05,0,-35.4040,22.4120
105294,2011/04/14,07:21:05,0,-35.3900,22.3320
105294,2011/04/14,08:37:45,A,-35.1910,22.3630
105294,2011/04/14,08:59:05,A,-35.3680,22.2350
105293,2011/04/14,07:02:01,B,-35.2830,23.1890
105293,2011/04/14,07:16:01,B,-35.6870,22.5360
105293,2011/04/14,08:58:01,2,-35.5360,21.7060
105291,2011/04/14,07:01:59,B,-34.6810,23.8210
105291,2011/04/14,07:13:59,B,-34.7130,23.7650
105291,2011/04/14,07:14:59,2,-34.7260,23.7520
105291,2011/04/14,08:58:39,1,-34.6840,23.6940
105290,2011/04/14,07:02:45,B,-38.7460,24.6340
105290,2011/04/14,07:16:15,B,-38.3300,24.9290
105290,2011/04/14,07:23:55,0,-38.2510,24.6600
105290,2011/04/14,08:58:45,B,-38.2050,24.6630
105297,2011/04/14,07:14:04,0,-35.9890,20.7000
105297,2011/04/14,07:20:32,2,-36.0180,20.7330
105297,2011/04/14,09:03:15,0,-36.0470,20.6970
105295,2011/04/15,07:04:08,A,-35.6070,19.5040
105295,2011/04/15,07:06:08,B,-35.3160,18.9760
105295,2011/04/15,08:13:53,1,-35.3500,18.8640
105295,2011/04/15,08:39:38,2,-35.3470,18.8340
105294,2011/04/15,07:04:35,B,-35.4090,21.9170
105294,2011/04/15,07:04:35,B,-35.4940,22.0210
105294,2011/04/15,08:12:35,0,-35.3840,21.8600
105294,2011/04/15,08:39:35,2,-35.3720,21.8590
105293,2011/04/15,07:04:25,0,-35.7230,21.9320
105293,2011/04/15,07:04:01,B,-35.7190,22.1740
105293,2011/04/15,08:14:31,B,-35.7540,22.0120
105293,2011/04/15,08:40:25,1,-35.9940,22.0250
105291,2011/04/15,07:03:59,0,-34.6490,23.3590
105291,2011/04/15,07:04:59,B,-34.6600,23.3690
105291,2011/04/15,08:13:44,0,-34.6640,23.3580
105291,2011/04/15,08:40:19,3,-34.6570,23.3500
105290,2011/04/15,07:04:45,0,-37.5950,23.7930
105290,2011/04/15,07:04:15,0,-37.6810,23.7970
105290,2011/04/15,08:13:15,B,-37.6610,24.0700
105290,2011/04/15,08:40:45,1,-37.5720,23.7370
105295,2011/04/16,08:21:24,0,-35.1160,18.6120
105295,2011/04/16,10:02:09,B,-35.1130,18.6110
105294,2011/04/16,07:50:18,0,-35.7820,21.2950
105294,2011/04/16,08:21:06,0,-35.8460,21.2880
105293,2011/04/16,07:50:10,0,-35.0850,22.3410
105293,2011/04/16,08:15:01,2,-35.0630,22.3040
105291,2011/04/16,07:50:11,0,-34.9660,22.7470
105291,2011/04/16,08:13:59,0,-34.9300,22.7460
105290,2011/04/16,08:22:08,0,-36.2390,20.6700
105295,2011/04/17,07:28:16,0,-35.0180,18.5250
105295,2011/04/17,07:56:58,1,-35.0500,18.5150
105295,2011/04/17,09:39:40,0,-34.8920,18.3580
105294,2011/04/17,07:26:00,0,-35.9430,20.7320
105294,2011/04/17,07:56:18,2,-35.9290,20.7480
105294,2011/04/17,09:37:36,B,-35.8130,20.6060
105293,2011/04/17,07:26:55,0,-35.8130,21.4920
105293,2011/04/17,07:56:02,0,-35.8230,21.5030
105293,2011/04/17,09:42:02,B,-35.8260,21.4950
105291,2011/04/17,07:25:19,0,-35.0730,22.4090
105291,2011/04/17,07:55:59,0,-34.8980,22.3770
105290,2011/04/17,07:29:24,0,-36.1600,20.6700
105290,2011/04/17,07:57:34,0,-36.3970,20.5960
105290,2011/04/17,09:41:46,B,-36.4450,20.6120
105295,2011/04/18,07:06:10,1,-34.4350,17.9630
105295,2011/04/18,07:39:53,0,-34.4080,18.0410
105295,2011/04/18,08:42:10,A,-34.5080,17.6080
105295,2011/04/18,09:14:10,1,-34.2990,17.7370
105295,2011/04/18,11:01:40,B,-34.2890,17.6990
105293,2011/04/18,07:06:12,0,-35.5890,20.4920
105293,2011/04/18,07:39:20,0,-35.6380,20.4890
105293,2011/04/18,09:19:32,0,-35.7920,20.4210
105293,2011/04/18,11:00:02,B,-35.9160,20.3790
105291,2011/04/18,07:39:12,0,-36.0450,21.9780
105291,2011/04/18,08:42:59,B,-35.9950,21.8770
105291,2011/04/18,09:18:59,0,-35.6790,21.4920
105291,2011/04/18,10:58:59,B,-35.7610,21.2120
105290,2011/04/18,07:05:46,0,-35.8960,19.7560
105290,2011/04/18,07:38:26,0,-36.0420,19.7210
105295,2011/04/19,07:14:11,1,-34.4740,17.9820
105295,2011/04/19,07:55:41,B,-34.4780,18.0270
105295,2011/04/19,08:22:11,B,-34.5200,17.9960
105295,2011/04/19,08:57:11,0,-34.8400,18.3690
105295,2011/04/19,10:50:11,0,-34.9550,18.7110
105293,2011/04/19,07:13:02,1,-36.0050,19.5940
105293,2011/04/19,08:18:32,1,-36.0440,19.5590
105293,2011/04/19,08:57:02,2,-36.0090,19.5870
105293,2011/04/19,10:50:02,0,-36.2230,19.8140
105291,2011/04/19,08:56:59,B,-35.3510,21.4160
105295,2011/04/20,07:03:42,B,-35.7030,20.9510
105295,2011/04/20,07:46:12,B,-35.6500,20.9580
105295,2011/04/20,07:54:42,0,-35.6520,21.3540
105295,2011/04/20,08:37:12,0,-35.5340,21.6970
105295,2011/04/20,10:46:52,A,-35.5480,21.9790
105293,2011/04/20,07:03:02,A,-35.0050,20.5740
105293,2011/04/20,10:39:02,B,-35.9230,22.1950
105295,2011/04/21,07:30:53,A,-35.1230,23.6570
105295,2011/04/21,07:32:34,0,-34.9150,23.5630
105295,2011/04/21,08:12:33,0,-34.8370,23.7320
105295,2011/04/21,10:29:13,0,-34.8260,24.0710
105295,2011/04/21,10:53:13,A,-34.7970,23.9640
105293,2011/04/21,07:31:03,B,-34.2470,26.0380
105293,2011/04/21,08:13:33,0,-34.3850,26.0610
105295,2011/04/22,07:55:28,0,-34.5350,24.9970
105295,2011/04/22,09:35:13,B,-34.5550,24.8640
105295,2011/04/22,10:22:58,0,-34.6950,24.9040
105295,2011/04/23,07:06:34,0,-34.5980,24.8270
105295,2011/04/23,08:25:54,A,-34.3240,24.4870
105295,2011/04/23,09:13:44,0,-34.7460,24.1270
105295,2011/04/23,10:13:14,B,-34.5910,24.1730
105295,2011/04/24,07:13:14,B,-34.8550,24.1980
105295,2011/04/24,08:02:04,0,-34.7180,24.1190
105295,2011/04/24,08:54:44,1,-34.8210,24.1680
105295,2011/04/25,07:38:22,0,-34.3360,24.3340
105295,2011/04/25,08:28:15,0,-34.2650,24.2540
105295,2011/04/26,07:14:23,0,-34.3690,24.0490
105295,2011/04/26,08:11:07,1,-34.2330,24.0020
105295,2011/04/27,09:33:16,B,-34.0980,26.4610
105295,2011/04/28,07:27:17,0,-33.6150,27.1560
105295,2011/04/28,08:07:57,A,-33.5870,27.1680
105295,2011/04/28,09:10:29,0,-33.5680,27.2710
105295,2011/04/28,11:00:47,1,-33.6440,27.3700
105295,2011/04/29,07:09:03,0,-33.7570,26.9440
105295,2011/04/29,07:41:48,B,-33.8050,27.1450
105295,2011/04/29,08:51:18,0,-34.0290,27.1480
105295,2011/04/29,10:45:18,0,-34.2320,26.7660
105295,2011/04/30,07:21:32,0,-34.4850,26.4250
105295,2011/04/30,07:26:18,B,-34.4640,26.3870
105295,2011/04/30,08:26:58,0,-34.4940,25.9960
105295,2011/04/30,10:34:48,0,-34.6000,25.2810
105295,2011/05/01,07:03:19,B,-35.8720,21.8610
105295,2011/05/01,07:14:19,B,-35.2480,22.1550
105295,2011/05/01,10:25:19,0,-35.0300,23.4350
105295,2011/05/02,07:03:19,B,-34.3320,23.6570
105295,2011/05/02,08:15:19,B,-34.3920,23.6110
105295,2011/05/03,07:52:56,0,-34.5330,24.7480
105295,2011/05/04,07:25:58,0,-34.6160,24.2620
105295,2011/05/04,08:43:21,0,-34.5700,24.2880
